<?xml version="1.0" encoding="UTF-8" standalone="yes"?>
<addon id="service.subtitles.supersubtitles"
       name="Super Subtitles"
       version="0.0.5"
       provider-name="fape">
  <requires>
    <import addon="xbmc.python" version="2.1.0"/>
    <import addon="script.module.requests2" version="2.2.1"/>
  </requires>
  <extension point="xbmc.subtitle.module"
             library="service.py" />
  <extension point="xbmc.addon.metadata">
    <summary lang="en">Super Subtitles</summary>
    <description lang="en">Search and download subtitles from Super Subtiles (feliratok.info)</description>
    <disclaimer lang="en"></disclaimer>
    <platform>all</platform>
    <license>GNU GENERAL PUBLIC LICENSE. Version 2, June 1991</license>
    <forum>http://forum.xbmc.org/showthread.php?tid=188591</forum>
    <website>http://feliratok.info</website>
    <email></email>
    <source>https://github.com/fape/service.subtitles.supersubtitles</source>
  </extension>
</addon>
